_id,全国地方公共団体コード,ID,地方公共団体名,名称,名称_カナ,名称_英字,名称_通称,POIコード,外部識別子,外部識別子の値,所在地_全国地方公共団体コード,町字ID,所在地_連結表記,所在地_都道府県,所在地_市区町村,所在地_町字,所在地_番地以下,建物名等(方書),緯度,経度,高度の種別,高度の値,電話番号,内線番号,連絡先メールアドレス,連絡先FormURL,連絡先備考（その他、SNSなど）,郵便番号,法人番号,団体名,利用可能曜日,開始時間,終了時間,利用可能時間特記事項,説明,車椅子可,車椅子貸出,ツエ貸出,バリアフリートイレ,スロープ、エレベータ、エスカレータ,点字ブロック等の移動支援,点字や読上による支援,盲導犬・介助犬、聴導犬同伴,字幕,筆談対応,優先駐車場,オストメイト対応トイレ,授乳室,おむつ替えコーナー,飲食可否,ベビーカー貸出,ベビーカー利用,URL,画像,画像_ライセンス,備考
1,172120,NN0000017181,石川県野々市市,新庄東公園,シンジョウヒガシコウエン,"","",1003,"","",,"",石川県野々市市新庄1丁目245,石川県,野々市市,新庄1丁目,245,"",36.49987388,136.6117608,"","",076-227-6092,"","","","","",5000020172120,野々市市,"","","","",街区公園,"","","","","","","","","","","","","","","","","","","","",""
2,172120,NN0000017182,石川県野々市市,新庄西公園,シンジョウニシコウエン,"","",1003,"","",,"",石川県野々市市新庄2丁目161,石川県,野々市市,新庄2丁目,161,"",36.50019298,136.6092288,"","",076-227-6092,"","","","","",5000020172120,野々市市,"","","","",街区公園,"","","","","","","","","","","","","","","","","","","","",""
3,172120,NN0000017183,石川県野々市市,新庄すみれ公園,シンジョウスミレコウエン,"","",1003,"","",,"",石川県野々市市新庄3丁目199,石川県,野々市市,新庄3丁目,199,"",36.50368795,136.6099772,"","",076-227-6092,"","","","","",5000020172120,野々市市,"","","","",街区公園,"","","","","","","","","","","","","","","","","","","","",""
4,172120,NN0000017184,石川県野々市市,新庄花の木台公園,シンジョウハナノキダイコウエン,"","",1003,"","",,"",石川県野々市市新庄4丁目7-1 他,石川県,野々市市,新庄4丁目,7-1 他,"",36.50629883,136.6134211,"","",076-227-6092,"","","","","",5000020172120,野々市市,"","","","",街区公園,"","","","","","","","","","","","","","","","","","","","",""
5,172120,NN0000017185,石川県野々市市,新庄ひばり公園,シンジョウヒバリコウエン,"","",1003,"","",,"",石川県野々市市新庄5丁目101,石川県,野々市市,新庄5丁目,101,"",36.50728194,136.6103875,"","",076-227-6092,"","","","","",5000020172120,野々市市,"","","","",街区公園,"","","","","","","","","","","","","","","","","","","","",""
6,172120,NN0000017186,石川県野々市市,新庄１号緑地,シンジョウ１ゴウリョクチ,"","",1003,"","",,"",石川県野々市市新庄4丁目191,石川県,野々市市,新庄4丁目,191,"",36.50811411,136.6128015,"","",076-227-6092,"","","","","",5000020172120,野々市市,"","","","",街区公園,"","","","","","","","","","","","","","","","","","","","",""
7,172120,NN0000017187,石川県野々市市,粟田中央公園,アワダチュウオウコウエン,"","",1003,"","",,"",石川県野々市市粟田1丁目144,石川県,野々市市,粟田1丁目,144,"",36.50977197,136.612933,"","",076-227-6092,"","","","","",5000020172120,野々市市,"","","","",街区公園,"","","","","","","","","","","","","","","","","","","","",""
8,172120,NN0000017188,石川県野々市市,粟田１号緑地,アワダ１ゴウリョクチ,"","",1003,"","",,"",石川県野々市市粟田1丁目242-42,石川県,野々市市,粟田1丁目,242-42,"",36.51108271,136.6108087,"","",076-227-6092,"","","","","",5000020172120,野々市市,"","","","",街区公園,"","","","","","","","","","","","","","","","","","","","",""
9,172120,NN0000017189,石川県野々市市,粟田パンダ公園,アワダパンダコウエン,"","",1003,"","",,"",石川県野々市市粟田3丁目83,石川県,野々市市,粟田3丁目,83,"",36.51479276,136.6131851,"","",076-227-6092,"","","","","",5000020172120,野々市市,"","","","",街区公園,"","","","","","","","","","","","","","","","","","","","",""
10,172120,NN0000017190,石川県野々市市,粟田２号緑地,アワダ２ゴウリョクチ,"","",1003,"","",,"",石川県野々市市粟田3丁目149,石川県,野々市市,粟田3丁目,149,"",36.51614653,136.614663,"","",076-227-6092,"","","","","",5000020172120,野々市市,"","","","",街区公園,"","","","","","","","","","","","","","","","","","","","",""
11,172120,NN0000017191,石川県野々市市,粟田東公園,アワダヒガシコウエン,"","",1003,"","",,"",石川県野々市市粟田3丁目353､353-1,石川県,野々市市,粟田3丁目,353､353-1,"",36.5168234,136.6146871,"","",076-227-6092,"","","","","",5000020172120,野々市市,"","","","",街区公園,"","","","","","","","","","","","","","","","","","","","",""
12,172120,NN0000017192,石川県野々市市,粟田北公園,アワダキタコウエン,"","",1003,"","",,"",石川県野々市市粟田3丁目459,石川県,野々市市,粟田3丁目,459,"",36.51823102,136.6147917,"","",076-227-6092,"","","","","",5000020172120,野々市市,"","","","",街区公園,"","","","","","","","","","","","","","","","","","","","",""
13,172120,NN0000017193,石川県野々市市,下林１号緑地,シモバヤシ１ゴウリョクチ,"","",1003,"","",,"",石川県野々市市下林4丁目296,石川県,野々市市,下林4丁目,296,"",36.52413069,136.6038671,"","",076-227-6092,"","","","","",5000020172120,野々市市,"","","","",街区公園,"","","","","","","","","","","","","","","","","","","","",""
14,172120,NN0000017194,石川県野々市市,下林２号緑地,シモバヤシ２ゴウリョクチ　　,"","",1003,"","",,"",石川県野々市市下林4丁目71,石川県,野々市市,下林4丁目,71,"",36.5216562,136.6022336,"","",076-227-6092,"","","","","",5000020172120,野々市市,"","","","",街区公園,"","","","","","","","","","","","","","","","","","","","",""
15,172120,NN0000017195,石川県野々市市,下林３号緑地,シモバヤシ３ゴウリョクチ,"","",1003,"","",,"",石川県野々市市下林4丁目7,石川県,野々市市,下林4丁目,7,"",36.52139539,136.6014209,"","",076-227-6092,"","","","","",5000020172120,野々市市,"","","","",街区公園,"","","","","","","","","","","","","","","","","","","","",""
16,172120,NN0000017196,石川県野々市市,藤平田１号緑地,トヘイダ１ゴウリョクチ,"","",1003,"","",,"",石川県野々市市藤平田2丁目75,石川県,野々市市,藤平田2丁目,75,"",36.52152041,136.6068175,"","",076-227-6092,"","","","","",5000020172120,野々市市,"","","","",街区公園,"","","","","","","","","","","","","","","","","","","","",""
17,172120,NN0000017197,石川県野々市市,清金公園,キヨカネコウエン,"","",1003,"","",,"",石川県野々市市清金3丁目124,石川県,野々市市,清金3丁目,124,"",36.51989298,136.5951177,"","",076-227-6092,"","","","","",5000020172120,野々市市,"","","","",街区公園,"","","","","","","","","","","","","","","","","","","","",""
18,172120,NN0000017198,石川県野々市市,白山１号緑地,ハクサン１ゴウリョクチ,"","",1003,"","",,"",石川県野々市市白山町16-4,石川県,野々市市,白山町,16-4,"",36.52627748,136.6101247,"","",076-227-6092,"","","","","",5000020172120,野々市市,"","","","",街区公園,"","","","","","","","","","","","","","","","","","","","",""
19,172120,NN0000017199,石川県野々市市,太平寺東公園,タヘイジヒガシコウエン,"","",1003,"","",,"",石川県野々市市太平寺1丁目311,石川県,野々市市,太平寺1丁目,311,"",36.52640249,136.6056293,"","",076-227-6092,"","","","","",5000020172120,野々市市,"","","","",街区公園,"","","","","","","","","","","","","","","","","","","","",""
20,172120,NN0000017200,石川県野々市市,太平寺西公園,タヘイジニシコウエン,"","",1003,"","",,"",石川県野々市市太平寺2丁目219,石川県,野々市市,太平寺2丁目,219,"",36.52776899,136.6033011,"","",076-227-6092,"","","","","",5000020172120,野々市市,"","","","",街区公園,"","","","","","","","","","","","","","","","","","","","",""
21,172120,NN0000017201,石川県野々市市,太平寺１号緑地,タヘイジ１ゴウリョクチ,"","",1003,"","",,"",石川県野々市市太平寺3丁目102,石川県,野々市市,太平寺3丁目,102,"",36.5301937,136.6035881,"","",076-227-6092,"","","","","",5000020172120,野々市市,"","","","",街区公園,"","","","","","","","","","","","","","","","","","","","",""
22,172120,NN0000017202,石川県野々市市,柳町１号緑地,ヤナギマチ１ゴウリョクチ,"","",1003,"","",,"",石川県野々市市柳町144-2,石川県,野々市市,柳町,144-2,"",36.5269909,136.5821868,"","",076-227-6092,"","","","","",5000020172120,野々市市,"","","","",街区公園,"","","","","","","","","","","","","","","","","","","","",""
23,172120,NN0000017203,石川県野々市市,扇が丘東公園,オオギガオカヒガシコウエン,"","",1003,"","",,"",石川県野々市市扇が丘507,石川県,野々市市,扇が丘,507,"",36.52627532,136.6279533,"","",076-227-6092,"","","","","",5000020172120,野々市市,"","","","",街区公園,"","","","","","","","","","","","","","","","","","","","",""
24,172120,NN0000017204,石川県野々市市,扇が丘１号緑地,オオギガオカ１ゴウリョクチ,"","",1003,"","",,"",石川県野々市市扇が丘177-17,石川県,野々市市,扇が丘,177-17,"",36.52659001,136.6250619,"","",076-227-6092,"","","","","",5000020172120,野々市市,"","","","",街区公園,"","","","","","","","","","","","","","","","","","","","",""
25,172120,NN0000017205,石川県野々市市,扇が丘２号緑地,オオギガオカ２ゴウリョクチ,"","",1003,"","",,"",石川県野々市市扇が丘64-2,石川県,野々市市,扇が丘,64-2,"",36.52529677,136.6228169,"","",076-227-6092,"","","","","",5000020172120,野々市市,"","","","",街区公園,"","","","","","","","","","","","","","","","","","","","",""
26,172120,NN0000017206,石川県野々市市,徳用南公園,トクモトミナミコウエン,"","",1003,"","",,"",石川県野々市市徳用2丁目203,石川県,野々市市,徳用2丁目,203,"",36.53365715,136.5908637,"","",076-227-6092,"","","","","",5000020172120,野々市市,"","","","",街区公園,"","","","","","","","","","","","","","","","","","","","",""
27,172120,NN0000017207,石川県野々市市,三日市万葉台南公園,ミッカイチマンヨウダイミナミコウエン,"","",1003,"","",,"",石川県野々市市三日市3丁目290,石川県,野々市市,三日市3丁目,290,"",36.53294809,136.5994227,"","",076-227-6092,"","","","","",5000020172120,野々市市,"","","","",街区公園,"","","","","","","","","","","","","","","","","","","","",""
28,172120,NN0000017208,石川県野々市市,三日市万葉台中公園,ミッカイチマンヨウダイナカコウエン,"","",1003,"","",,"",石川県野々市市三日市3丁目300,石川県,野々市市,三日市3丁目,300,"",36.53349766,136.5989157,"","",076-227-6092,"","","","","",5000020172120,野々市市,"","","","",街区公園,"","","","","","","","","","","","","","","","","","","","",""
29,172120,NN0000017209,石川県野々市市,三日市万葉台北公園,ミッカイチマンヨウダイキタコウエン,"","",1003,"","",,"",石川県野々市市三日市3丁目156,石川県,野々市市,三日市3丁目,156,"",36.53478645,136.5987521,"","",076-227-6092,"","","","","",5000020172120,野々市市,"","","","",街区公園,"","","","","","","","","","","","","","","","","","","","",""
30,172120,NN0000017210,石川県野々市市,押越北公園,オシコシキタコウエン,"","",1003,"","",,"",石川県野々市市押越2丁目237 他,石川県,野々市市,押越2丁目,237 他,"",36.54020645,136.6096097,"","",076-227-6092,"","","","","",5000020172120,野々市市,"","","","",街区公園,"","","","","","","","","","","","","","","","","","","","",""
31,172120,NN0000017211,石川県野々市市,北横宮公園,キタヨコミヤコウエン,"","",1003,"","",,"",石川県野々市市横宮町30,石川県,野々市市,横宮町,30,"",36.53460757,136.6153148,"","",076-227-6092,"","","","","",5000020172120,野々市市,"","","","",街区公園,"","","","","","","","","","","","","","","","","","","","",""
32,172120,NN0000017212,石川県野々市市,あすなろ公園,アスナロコウエン,"","",1003,"","",,"",石川県野々市市御経塚5丁目83,石川県,野々市市,御経塚5丁目,83,"",36.54560882,136.6021317,"","",076-227-6092,"","","","","",5000020172120,野々市市,"","","","",街区公園,"","","","","","","","","","","","","","","","","","","","",""
33,172120,NN0000017223,石川県野々市市,位川公園,クライガワコウエン,"","",1003,"","",,"",石川県野々市市位川288,石川県,野々市市,位川,288,"",36.52509416,136.6062087,"","",076-227-6092,"","","","","",5000020172120,野々市市,"","","","",街区公園,"","","","","","","","","","","","","","","","","","","","",""
34,172120,NN0000017213,石川県野々市市,本町若葉台公園,ホンマチワカバダイコウエン,"","",1003,"","",,"",石川県野々市市本町1丁目5-53､5-90,石川県,野々市市,本町1丁目,5-53､5-90,"",36.53694156,136.6223153,"","",076-227-6092,"","","","","",5000020172120,野々市市,"","","","",街区公園,"","","","","","","","","","","","","","","","","","","","",""
35,172120,NN0000017214,石川県野々市市,本町１丁目１号緑地,ホンマチ１チョウメ１ゴウリョクチ,"","",1003,"","",,"",石川県野々市市本町1丁目1-54,石川県,野々市市,本町1丁目,1-54,"",36.53790272,136.6216609,"","",076-227-6092,"","","","","",5000020172120,野々市市,"","","","",街区公園,"","","","","","","","","","","","","","","","","","","","",""
36,172120,NN0000017215,石川県野々市市,粟田３号緑地,アワダ３ゴウリョクチ,"","",1003,"","",,"",石川県野々市市粟田3丁目250,石川県,野々市市,粟田3丁目,250,"",36.51648928,136.612772,"","",076-227-6092,"","","","","",5000020172120,野々市市,"","","","",街区公園,"","","","","","","","","","","","","","","","","","","","",""
37,172120,NN0000017216,石川県野々市市,二日市１号緑地,フツカイチ１ゴウリョクチ,"","",1003,"","",,"",石川県野々市市二日市2丁目28,石川県,野々市市,二日市2丁目,28,"",36.54071502,136.6014612,"","",076-227-6092,"","","","","",5000020172120,野々市市,"","","","",街区公園,"","","","","","","","","","","","","","","","","","","","",""
38,172120,NN0000017217,石川県野々市市,本町６丁目１号緑地,ホンマチ６チョウメ１ゴウリョクチ,"","",1003,"","",,"",石川県野々市市本町6丁目86-4 他,石川県,野々市市,本町6丁目,86-4 他,"",36.53401922,136.6077402,"","",076-227-6092,"","","","","",5000020172120,野々市市,"","","","",街区公園,"","","","","","","","","","","","","","","","","","","","",""
39,172120,NN0000017218,石川県野々市市,下林４号緑地,シモバヤシ４ゴウリョクチ,"","",1003,"","",,"",石川県野々市市下林4丁目247-1 他,石川県,野々市市,下林4丁目,247-1 他,"",36.52151179,136.6060182,"","",076-227-6092,"","","","","",5000020172120,野々市市,"","","","",街区公園,"","","","","","","","","","","","","","","","","","","","",""
40,172120,NN0000017219,石川県野々市市,野々市中央公園,ノノイチチュウオウコウエン,"","",1003,"","",,"",石川県野々市市下林3丁目､堀内2丁目地内,石川県,野々市市,下林3丁目､堀内2丁目地内,"","",36.52422553,136.5989506,"","",076-227-6092,"","","","","",5000020172120,野々市市,"","","","",総合公園,"","","",有,有,"","","","","",有,"","","","","","","","","",""
41,172120,NN0000017220,石川県野々市市,矢作諏訪公園,ヤハギスワコウエン,"","",1003,"","",,"",石川県野々市市矢作1丁目177,石川県,野々市市,矢作1丁目,177,"",36.52083064,136.6130993,"","",076-227-6092,"","","","","",5000020172120,野々市市,"","","","",街区公園,"","","","","","","","","","","","","","","","","","","","",""
42,172120,NN0000017221,石川県野々市市,矢作西城公園,ヤハギニシシロコウエン,"","",1003,"","",,"",石川県野々市市矢作3丁目35,石川県,野々市市,矢作3丁目,35,"",36.5239367,136.6116026,"","",076-227-6092,"","","","","",5000020172120,野々市市,"","","","",街区公園,"","","","","","","","","","","","","","","","","","","","",""
43,172120,NN0000017222,石川県野々市市,下林さくら公園,シモバヤシサクラコウエン,"","",1003,"","",,"",石川県野々市市下林4丁目508-1 他,石川県,野々市市,下林4丁目,508-1 他,"",36.5228719,136.6031858,"","",076-227-6092,"","","","","",5000020172120,野々市市,"","","","",街区公園,"","","","","","","","","","","","","","","","","","","","",""
44,172120,NN0000017224,石川県野々市市,三納公園,サンノコウエン,"","",1003,"","",,"",石川県野々市市三納3丁目130,石川県,野々市市,三納3丁目,130,"",36.52409405,136.6108891,"","",076-227-6092,"","","","","",5000020172120,野々市市,"","","","",街区公園,"","","","","","","","","","","","","","","","","","","","",""
45,172120,NN0000017225,石川県野々市市,末松廃寺跡公園,スエマツハイジアトコウエン,"","",1003,"","",,"",石川県野々市市末松2丁目247,石川県,野々市市,末松2丁目,247,"",36.50824778,136.5895897,"","",076-227-6092,"","","","","",5000020172120,野々市市,"","","","",歴史公園,"","","","","","","","","","","","","","","","","","","","",""
46,172120,NN0000017226,石川県野々市市,野代公園,ノシロコウエン,"","",1003,"","",,"",石川県野々市市野代3丁目59,石川県,野々市市,野代3丁目,59,"",36.54145633,136.6036954,"","",076-227-6092,"","","","","",5000020172120,野々市市,"","","","",街区公園,"","","","","","","","","","","","","","","","","","","","",""
47,172120,NN0000017227,石川県野々市市,野代１号緑地,ノシロ１ゴウリョクチ,"","",1003,"","",,"",石川県野々市市野代1丁目19,石川県,野々市市,野代1丁目,19,"",36.53794798,136.6040629,"","",076-227-6092,"","","","","",5000020172120,野々市市,"","","","",街区公園,"","","","","","","","","","","","","","","","","","","","",""
48,172120,NN0000017228,石川県野々市市,みその公園,ミソノコウエン,"","",1003,"","",,"",石川県野々市市稲荷4丁目157,石川県,野々市市,稲荷4丁目,157,"",36.53668942,136.605412,"","",076-227-6092,"","","","","",5000020172120,野々市市,"","","","",街区公園,"","","","","","","","","","","","","","","","","","","","",""
49,172120,NN0000017229,石川県野々市市,稲荷公園,イナリコウエン,"","",1003,"","",,"",石川県野々市市稲荷2丁目104,石川県,野々市市,稲荷2丁目,104,"",36.53403215,136.6015631,"","",076-227-6092,"","","","","",5000020172120,野々市市,"","","","",街区公園,"","","","","","","","","","","","","","","","","","","","",""
50,172120,NN0000017230,石川県野々市市,稲荷北公園,イナリキタコウエン,"","",1003,"","",,"",石川県野々市市稲荷3丁目78,石川県,野々市市,稲荷3丁目,78,"",36.53585108,136.6001898,"","",076-227-6092,"","","","","",5000020172120,野々市市,"","","","",街区公園,"","","","","","","","","","","","","","","","","","","","",""
51,172120,NN0000017231,石川県野々市市,押越公園,オシコシコウエン,"","",1003,"","",,"",石川県野々市市押越1丁目160,石川県,野々市市,押越1丁目,160,"",36.53824753,136.6088989,"","",076-227-6092,"","","","","",5000020172120,野々市市,"","","","",街区公園,"","","","","","","","","","","","","","","","","","","","",""
52,172120,NN0000017232,石川県野々市市,矢作１号緑地,ヤハギ１ゴウリョクチ,"","",1003,"","",,"",石川県野々市市矢作3丁目56,石川県,野々市市,矢作3丁目,56,"",36.52437856,136.6121685,"","",076-227-6092,"","","","","",5000020172120,野々市市,"","","","",街区公園,"","","","","","","","","","","","","","","","","","","","",""
53,172120,NN0000017233,石川県野々市市,矢作２号緑地,ヤハギ２ゴウリョクチ,"","",1003,"","",,"",石川県野々市市矢作3丁目135-5,石川県,野々市市,矢作3丁目,135-5,"",36.52575372,136.6136867,"","",076-227-6092,"","","","","",5000020172120,野々市市,"","","","",街区公園,"","","","","","","","","","","","","","","","","","","","",""
54,172120,NN0000017234,石川県野々市市,御経塚東公園,オキョウヅカヒガシコウエン,"","",1003,"","",,"",石川県野々市市御経塚5丁目84,石川県,野々市市,御経塚5丁目,84,"",36.54646429,136.6006458,"","",076-227-6092,"","","","","",5000020172120,野々市市,"","","","",街区公園,"","","","","","","","","","","","","","","","","","","","",""
55,172120,NN0000017235,石川県野々市市,押野西公園,オシノニシコウエン,"","",1003,"","",,"",石川県野々市市押野1丁目40,石川県,野々市市,押野1丁目,40,"",36.54158347,136.6127908,"","",076-227-6092,"","","","","",5000020172120,野々市市,"","","","",街区公園,"","","","","","","","","","","","","","","","","","","","",""
56,172120,NN0000017236,石川県野々市市,押野東公園,オシノヒガシコウエン,"","",1003,"","",,"",石川県野々市市押野5丁目120,石川県,野々市市,押野5丁目,120,"",36.54421032,136.6204405,"","",076-227-6092,"","","","","",5000020172120,野々市市,"","","","",街区公園,"","","","","","","","","","","","","","","","","","","","",""
57,172120,NN0000017237,石川県野々市市,押野南公園,オシノミナミコウエン,"","",1003,"","",,"",石川県野々市市押野3丁目166,石川県,野々市市,押野3丁目,166,"",36.5395621,136.6181177,"","",076-227-6092,"","","","","",5000020172120,野々市市,"","","","",街区公園,"","","","","","","","","","","","","","","","","","","","",""
58,172120,NN0000017238,石川県野々市市,押野中央公園,オシノチュウオウコウエン,"","",1003,"","",,"",石川県野々市市押野1丁目339,石川県,野々市市,押野1丁目,339,"",36.54405301,136.6168624,"","",076-227-6092,"","","","","",5000020172120,野々市市,"","","","",近隣公園,"","","",有,"","","","","","","","","","","","","","","","",""
59,172120,NN0000017239,石川県野々市市,押野北公園,オシノキタコウエン,"","",1003,"","",,"",石川県野々市市押野1丁目50,石川県,野々市市,押野1丁目,50,"",36.54417584,136.612933,"","",076-227-6092,"","","","","",5000020172120,野々市市,"","","","",街区公園,"","","","","","","","","","","","","","","","","","","","",""
60,172120,NN0000017240,石川県野々市市,徳用１号緑地,トクモト１ゴウリョクチ,"","",1003,"","",,"",石川県野々市市徳用2丁目389,石川県,野々市市,徳用2丁目,389,"",36.53433387,136.5932965,"","",076-227-6092,"","","","","",5000020172120,野々市市,"","","","",街区公園,"","","","","","","","","","","","","","","","","","","","",""
61,172120,NN0000017241,石川県野々市市,御経塚史跡公園,オキョウヅカシセキコウエン,"","",1003,"","",,"",石川県野々市市御経塚1丁目549,石川県,野々市市,御経塚1丁目,549,"",36.54639533,136.5991813,"","",076-227-6092,"","","","","",5000020172120,野々市市,"","","","",歴史公園,"","","","","","","","","","","","","","","","","","","","",""
62,172120,NN0000017242,石川県野々市市,住吉１号緑地,スミヨシ１ゴウリョクチ,"","",1003,"","",,"",石川県野々市市住吉町31-6,石川県,野々市市,住吉町,31-6,"",36.52483767,136.6171896,"","",076-227-6092,"","","","","",5000020172120,野々市市,"","","","",街区公園,"","","","","","","","","","","","","","","","","","","","",""
63,172120,NN0000017243,石川県野々市市,本町やまいろ公園,ホンマチヤマイロコウエン,"","",1003,"","",,"",石川県野々市市本町6丁目466-1,石川県,野々市市,本町6丁目,466-1,"",36.53456232,136.6058305,"","",076-227-6092,"","","","","",5000020172120,野々市市,"","","","",街区公園,"","","","","","","","","","","","","","","","","","","","",""
64,172120,NN0000017244,石川県野々市市,若松ちから石公園,ワカマツチカライシコウエン,"","",1003,"","",,"",石川県野々市市若松町674,石川県,野々市市,若松町,674,"",36.53706225,136.6127533,"","",076-227-6092,"","","","","",5000020172120,野々市市,"","","","",街区公園,"","","","","","","","","","","","","","","","","","","","",""
65,172120,NN0000017245,石川県野々市市,馬渡公園,マワタリコウエン,"","",1003,"","",,"",石川県野々市市押野4丁目329,石川県,野々市市,押野4丁目,329,"",36.53970433,136.6213873,"","",076-227-6092,"","","","","",5000020172120,野々市市,"","","","",街区公園,"","","","","","","","","","","","","","","","","","","","",""
66,172120,NN0000017246,石川県野々市市,せせらぎ公園,セセラギコウエン,"","",1005,"","",,"",石川県野々市市高橋町155-1 他,石川県,野々市市,高橋町,155-1 他,"",36.53031871,136.6257727,"","",076-227-6092,"","","","","",5000020172120,野々市市,"","","","",都市緑地,"","","","","","","","","","","","","","","","","","","","",""
67,172120,NN0000017247,石川県野々市市,つばき公園,ツバキコウエン,"","",1005,"","",,"",石川県野々市市本町6丁目462､463､464の各一部,石川県,野々市市,本町6丁目,462､463､464の各一部,"",36.53466576,136.6065761,"","",076-227-6092,"","","","","",5000020172120,野々市市,"","","","",都市緑地,"","","","","","","","","","","","","","","","","","","","",""
68,172120,NN0000017248,石川県野々市市,堀の内公園,ホリノウチコウエン,"","",1003,"","",,"",石川県野々市市堀内2丁目179,石川県,野々市市,堀内2丁目,179,"",36.52892424,136.5983552,"","",076-227-6092,"","","","","",5000020172120,野々市市,"","","","",街区公園,"","","","","","","","","","","","","","","","","","","","",""
69,172120,NN0000017249,石川県野々市市,新庄３号緑地,シンジョウ３ゴウリョクチ,"","",1003,"","",,"",石川県野々市市新庄2丁目239-14,石川県,野々市市,新庄2丁目,239-14,"",36.50102523,136.6108328,"","",076-227-6092,"","","","","",5000020172120,野々市市,"","","","",街区公園,"","","","","","","","","","","","","","","","","","","","",""
70,172120,NN0000017250,石川県野々市市,たかはし公園,タカハシコウエン,"","",1003,"","",,"",石川県野々市市高橋町401､442,石川県,野々市市,高橋町,401､442,"",36.53262697,136.6264996,"","",076-227-6092,"","","","","",5000020172120,野々市市,"","","","",街区公園,"","","","","","","","","","","","","","","","","","","","",""
71,172120,NN0000017251,石川県野々市市,すみよし公園,スミヨシコウエン,"","",1005,"","",,"",石川県野々市市住吉町297-1の一部 他,石川県,野々市市,住吉町,297-1の一部 他,"",36.52712023,136.6213336,"","",076-227-6092,"","","","","",5000020172120,野々市市,"","","","",都市緑地,"","","","","","","","","","","","","","","","","","","","",""
72,172120,NN0000017252,石川県野々市市,中林太陽公園,ナカバヤシタイヨウコウエン,"","",1003,"","",,"",石川県野々市市中林1丁目395,石川県,野々市市,中林1丁目,395,"",36.50885142,136.6071287,"","",076-227-6092,"","","","","",5000020172120,野々市市,"","","","",街区公園,"","","","","","","","","","","","","","","","","","","","",""
73,172120,NN0000017253,石川県野々市市,下林５号緑地,シモバヤシ５ゴウリョクチ,"","",1003,"","",,"",石川県野々市市下林4丁目119-5,石川県,野々市市,下林4丁目,119-5,"",36.52138245,136.6031965,"","",076-227-6092,"","","","","",5000020172120,野々市市,"","","","",街区公園,"","","","","","","","","","","","","","","","","","","","",""
74,172120,NN0000017254,石川県野々市市,かわいぐち公園,カワイグチコウエン,"","",1003,"","",,"",石川県野々市市白山町449,石川県,野々市市,白山町,449,"",36.52899321,136.6123026,"","",076-227-6092,"","","","","",5000020172120,野々市市,"","","","",街区公園,"","","","","","","","","","","","","","","","","","","","",""
75,172120,NN0000017255,石川県野々市市,ろくらぐち公園,ロクラグチコウエン,"","",1003,"","",,"",石川県野々市市白山町450,石川県,野々市市,白山町,450,"",36.52738102,136.6114524,"","",076-227-6092,"","","","","",5000020172120,野々市市,"","","","",街区公園,"","","","","","","","","","","","","","","","","","","","",""
76,172120,NN0000017256,石川県野々市市,野々市南部公園,ノノイチナンブコウエン,"","",1003,"","",,"",石川県野々市市上林4丁目665,石川県,野々市市,上林4丁目,665,"",36.50352409,136.6051036,"","",076-227-6092,"","","","","",5000020172120,野々市市,"","","","",近隣公園,"","","",有,"","","","","","",有,"","","","","","","","","",""
77,172120,NN0000017257,石川県野々市市,長池公園（陽の広場）,ナガイケコウエン（ヨウノヒロバ）,"","",1003,"","",,"",石川県野々市市長池294,石川県,野々市市,長池,294,"",36.54188517,136.5948307,"","",076-227-6092,"","","","","",5000020172120,野々市市,"","","","",街区公園,"","","","","","","","","","","","","","","","","","","","",""
78,172120,NN0000017258,石川県野々市市,菅原１号緑地,スガハラ１ゴウリョクチ,"","",1003,"","",,"",石川県野々市市菅原町11-54,石川県,野々市市,菅原町,11-54,"",36.52923676,136.6155857,"","",076-227-6092,"","","","","",5000020172120,野々市市,"","","","",街区公園,"","","","","","","","","","","","","","","","","","","","",""
79,172120,NN0000017259,石川県野々市市,御経塚あやめ公園（木の広場）,オキョウヅカアヤメコウエン（モクノヒロバ）,"","",1003,"","",,"",石川県野々市市御経塚3丁目520,石川県,野々市市,御経塚3丁目,520,"",36.55253202,136.5957829,"","",076-227-6092,"","","","","",5000020172120,野々市市,"","","","",街区公園,"","","","","","","","","","","","","","","","","","","","",""
80,172120,NN0000017260,石川県野々市市,本町１丁目２号緑地,ホンマチ１チョウメ２ゴウリョクチ,"","",1003,"","",,"",石川県野々市市本町1丁目147,石川県,野々市市,本町1丁目,147,"",36.53459464,136.6190994,"","",076-227-6092,"","","","","",5000020172120,野々市市,"","","","",街区公園,"","","","","","","","","","","","","","","","","","","","",""
81,172120,NN0000017261,石川県野々市市,野々市駅北口緑地（石の広場）,ノノイチエキキタグチリョクチ（セキノヒロバ）,"","",1005,"","",,"",石川県野々市市二日市1丁目123,石川県,野々市市,二日市1丁目,123,"",36.54254242,136.5984008,"","",076-227-6092,"","","","","",5000020172120,野々市市,"","","","",都市緑地,"","","","","","","","","","","","","","","","","","","","",""
82,172120,NN0000017262,石川県野々市市,御経塚公園（風の広場）,オキョウヅカコウエン（フウノヒロバ）,"","",1003,"","",,"",石川県野々市市御経塚1丁目550,石川県,野々市市,御経塚1丁目,550,"",36.54452493,136.5963247,"","",076-227-6092,"","","","","",5000020172120,野々市市,"","","","",街区公園,"","","","","","","","","","","","","","","","","","","","",""
83,172120,NN0000017263,石川県野々市市,経塚公園（泉の広場）,キョウヅカコウエン（センノヒロバ）,"","",1003,"","",,"",石川県野々市市御経塚2丁目334､335,石川県,野々市市,御経塚2丁目,334､335,"",36.54823553,136.5964293,"","",076-227-6092,"","","","","",5000020172120,野々市市,"","","","",街区公園,"","","","","","","","","","","","","","","","","","","","",""
84,172120,NN0000017264,石川県野々市市,木呂川１号緑地,コロガワ１ゴウリョクチ,"","",1005,"","",,"",石川県野々市市新庄2丁目820,石川県,野々市市,新庄2丁目,820,"",36.49880228,136.6076812,"","",076-227-6092,"","","","","",5000020172120,野々市市,"","","","",都市緑地,"","","","","","","","","","","","","","","","","","","","",""
85,172120,NN0000017265,石川県野々市市,木呂川２号緑地,コロガワ２ゴウリョクチ,"","",1005,"","",,"",石川県野々市市新庄6丁目443,石川県,野々市市,新庄6丁目,443,"",36.50820466,136.6092288,"","",076-227-6092,"","","","","",5000020172120,野々市市,"","","","",都市緑地,"","","","","","","","","","","","","","","","","","","","",""
86,172120,NN0000017266,石川県野々市市,扇が丘ホタルの里公園,オオギガオカホタルノサトコウエン,"","",1003,"","",,"",石川県野々市市扇が丘747､951,石川県,野々市市,扇が丘,747､951,"",36.5247299,136.624107,"","",076-227-6092,"","","","","",5000020172120,野々市市,"","","","",街区公園,"","","","","","","","","","","","","","","","","","","","",""
87,172120,NN0000017267,石川県野々市市,本町北公園,ホンマチキタコウエン,"","",1003,"","",,"",石川県野々市市本町1丁目4-102,石川県,野々市市,本町1丁目,4-102,"",36.5381678,136.6238496,"","",076-227-6092,"","","","","",5000020172120,野々市市,"","","","",街区公園,"","","","","","","","","","","","","","","","","","","","",""
88,172120,NN0000017268,石川県野々市市,末松ふれあい公園,スエマツフレアイコウエン,"","",1003,"","",,"",石川県野々市市末松2丁目1039､1040,石川県,野々市市,末松2丁目,1039､1040,"",36.50309936,136.592229,"","",076-227-6092,"","","","","",5000020172120,野々市市,"","","","",街区公園,"","","","","","","","","","","","","","","","","","","","",""
89,172120,NN0000017269,石川県野々市市,末松１号緑地,スエマツ１ゴウリョクチ,"","",1005,"","",,"",石川県野々市市末松2丁目870,石川県,野々市市,末松2丁目,870,"",36.50531357,136.5912419,"","",076-227-6092,"","","","","",5000020172120,野々市市,"","","","",都市緑地,"","","","","","","","","","","","","","","","","","","","",""
90,172120,NN0000017270,石川県野々市市,矢作３号緑地,ヤハギ３ゴウリョクチ,"","",1005,"","",,"",石川県野々市市矢作2丁目5-35,石川県,野々市市,矢作2丁目,5-35,"",36.51888848,136.6112029,"","",076-227-6092,"","","","","",5000020172120,野々市市,"","","","",都市緑地,"","","","","","","","","","","","","","","","","","","","",""
91,172120,NN0000017271,石川県野々市市,下林６号緑地,シモバヤシ６ゴウリョクチ,"","",1005,"","",,"",石川県野々市市下林4丁目182,石川県,野々市市,下林4丁目,182,"",36.5217726,136.6047066,"","",076-227-6092,"","","","","",5000020172120,野々市市,"","","","",都市緑地,"","","","","","","","","","","","","","","","","","","","",""
92,172120,NN0000017272,石川県野々市市,馬場川１号緑地,ババガワ１ゴウリョクチ,"","",1005,"","",,"",石川県野々市市御経塚3丁目521､522,石川県,野々市市,御経塚3丁目,521､522,"",36.55065745,136.5962094,"","",076-227-6092,"","","","","",5000020172120,野々市市,"","","","",都市緑地,"","","","","","","","","","","","","","","","","","","","",""
93,172120,NN0000017273,石川県野々市市,馬場川２号緑地,ババガワ２ゴウリョクチ,"","",1005,"","",,"",石川県野々市市御経塚1丁目551,石川県,野々市市,御経塚1丁目,551,"",36.5451089,136.5965286,"","",076-227-6092,"","","","","",5000020172120,野々市市,"","","","",都市緑地,"","","","","","","","","","","","","","","","","","","","",""
94,172120,NN0000017274,石川県野々市市,末松２号緑地,スエマツ２ゴウリョクチ,"","",1005,"","",,"",石川県野々市市末松2丁目1042,石川県,野々市市,末松2丁目,1042,"",36.50337749,136.5937123,"","",076-227-6092,"","","","","",5000020172120,野々市市,"","","","",都市緑地,"","","","","","","","","","","","","","","","","","","","",""
95,172120,NN0000017275,石川県野々市市,粟田４号緑地,アワダ４ゴウリョクチ,"","",1005,"","",,"",石川県野々市市粟田2丁目177-3,石川県,野々市市,粟田2丁目,177-3,"",36.5122533,136.6110474,"","",076-227-6092,"","","","","",5000020172120,野々市市,"","","","",都市緑地,"","","","","","","","","","","","","","","","","","","","",""
96,172120,NN0000017276,石川県野々市市,本町６丁目２号緑地,ホンマチ６チョウメ２ゴウリョクチ,"","",1005,"","",,"",石川県野々市市本町6丁目110-48,石川県,野々市市,本町6丁目,110-48,"",36.53740275,136.607193,"","",076-227-6092,"","","","","",5000020172120,野々市市,"","","","",都市緑地,"","","","","","","","","","","","","","","","","","","","",""
97,172120,NN0000017277,石川県野々市市,扇が丘３号緑地,オオギガオカ３ゴウリョクチ,"","",1005,"","",,"",石川県野々市市扇が丘911,石川県,野々市市,扇が丘,911,"",36.52446694,136.6268965,"","",076-227-6092,"","","","","",5000020172120,野々市市,"","","","",都市緑地,"","","","","","","","","","","","","","","","","","","","",""
98,172120,NN0000017278,石川県野々市市,扇が丘４号緑地,オオギガオカ４ゴウリョクチ,"","",1005,"","",,"",石川県野々市市扇が丘828,石川県,野々市市,扇が丘,828,"",36.52533342,136.6265076,"","",076-227-6092,"","","","","",5000020172120,野々市市,"","","","",都市緑地,"","","","","","","","","","","","","","","","","","","","",""
99,172120,NN0000017279,石川県野々市市,扇が丘５号緑地,オオギガオカ５ゴウリョクチ,"","",1005,"","",,"",石川県野々市市扇が丘720､721,石川県,野々市市,扇が丘,720､721,"",36.52556835,136.6233587,"","",076-227-6092,"","","","","",5000020172120,野々市市,"","","","",都市緑地,"","","","","","","","","","","","","","","","","","","","",""
100,172120,NN0000017280,石川県野々市市,扇が丘６号緑地,オオギガオカ６ゴウリョクチ,"","",1005,"","",,"",石川県野々市市扇が丘702､703,石川県,野々市市,扇が丘,702､703,"",36.52615462,136.6229349,"","",076-227-6092,"","","","","",5000020172120,野々市市,"","","","",都市緑地,"","","","","","","","","","","","","","","","","","","","",""
101,172120,NN0000017281,石川県野々市市,若松２号緑地,ワカマツ２ゴウリョクチ,"","",1005,"","",,"",石川県野々市市若松町83-10､87-４,石川県,野々市市,若松町,83-10､87-４,"",36.53594591,136.6120103,"","",076-227-6092,"","","","","",5000020172120,野々市市,"","","","",都市緑地,"","","","","","","","","","","","","","","","","","","","",""
102,172120,NN0000017282,石川県野々市市,野々市交通公園,ノノイチコウツウコウエン,"","",1003,"","",,"",石川県野々市市菅原町4､5､6､7,石川県,野々市市,菅原町,4､5､6､7,"",36.53007947,136.6150707,"","",076-227-6092,"","","","","",5000020172120,野々市市,"","","","",街区公園,"","","","","","","","","","","","","","","","","","","","",""
103,172120,NN0000017283,石川県野々市市,あらみや公園,アラミヤコウエン,"","",1003,"","",,"",石川県野々市市三納1丁目2,石川県,野々市市,三納1丁目,2,"",36.5188389,136.6099262,"","",076-227-6092,"","","","","",5000020172120,野々市市,"","","","",近隣公園,"","","",有,"","","","","","",有,"","","","","","","","","",""
104,172120,NN0000017284,石川県野々市市,横宮緑地,ヨコミヤリョクチ,"","",1005,"","",,"",石川県野々市市横宮町67-5,石川県,野々市市,横宮町,24593,"",36.53580152,136.6167766,"","",076-227-6092,"","","","","",5000020172120,野々市市,"","","","",都市緑地,"","","","","","","","","","","","","","","","","","","","",""
105,172120,NN0000017285,石川県野々市市,本町２丁目１号緑地,ホンマチ２チョウメ１ゴウリョクチ,"","",1005,"","",,"",石川県野々市市本町2丁目85-5､86-3,石川県,野々市市,本町2丁目,85-5､86-3,"",36.53140496,136.6195205,"","",076-227-6092,"","","","","",5000020172120,野々市市,"","","","",都市緑地,"","","","","","","","","","","","","","","","","","","","",""
106,172120,NN0000017286,石川県野々市市,工大前駅緑地,コウダイマエエキリョクチ,"","",1005,"","",,"",石川県野々市市本町2丁目235-1の一部,石川県,野々市市,本町2丁目,235-1の一部,"",36.53233386,136.6214758,"","",076-227-6092,"","","","","",5000020172120,野々市市,"","","","",都市緑地,"","","","","","","","","","","","","","","","","","","","",""
107,172120,NN0000017287,石川県野々市市,太平寺２号緑地,タヘイジ２ゴウリョクチ,"","",1005,"","",,"",石川県野々市市太平寺3丁目149-37､249,石川県,野々市市,太平寺3丁目,149-37､249,"",36.53205153,136.60575,"","",076-227-6092,"","","","","",5000020172120,野々市市,"","","","",都市緑地,"","","","","","","","","","","","","","","","","","","","",""
108,172120,NN0000017288,石川県野々市市,矢作４号緑地,ヤハギ４ゴウリョクチ,"","",1005,"","",,"",石川県野々市市矢作4丁目45-28,石川県,野々市市,矢作4丁目,45-28,"",36.52416302,136.6144028,"","",076-227-6092,"","","","","",5000020172120,野々市市,"","","","",都市緑地,"","","","","","","","","","","","","","","","","","","","",""
109,172120,NN0000017289,石川県野々市市,ひまわり公園,ヒマワリコウエン,"","",1003,"","",,"",石川県野々市市藤平田1丁目477,石川県,野々市市,藤平田1丁目,477,"",36.51671131,136.6076141,"","",076-227-6092,"","","","","",5000020172120,野々市市,"","","","",街区公園,"","","","","","","","","","","","","","","","","","","","",""
110,172120,NN0000017290,石川県野々市市,粟田西公園,アワダニシコウエン,"","",1003,"","",,"",石川県野々市市粟田5丁目303,石川県,野々市市,粟田5丁目,303,"",36.51238265,136.6100254,"","",076-227-6092,"","","","","",5000020172120,野々市市,"","","","",街区公園,"","","","","","","","","","","","","","","","","","","","",""
111,172120,NN0000017291,石川県野々市市,菅原２号緑地,スガハラ２ゴウリョクチ,"","",1005,"","",,"",石川県野々市市菅原町138-24,石川県,野々市市,菅原町,138-24,"",36.52864836,136.6171467,"","",076-227-6092,"","","","","",5000020172120,野々市市,"","","","",都市緑地,"","","","","","","","","","","","","","","","","","","","",""
112,172120,NN0000017292,石川県野々市市,よつば公園,ヨツバコウエン,"","",1003,"","",,"",石川県野々市市藤平田1丁目272､274,石川県,野々市市,藤平田1丁目,272､274,"",36.51972269,136.6054764,"","",076-227-6092,"","","","","",5000020172120,野々市市,"","","","",街区公園,"","","","","","","","","","","","","","","","","","","","",""
113,172120,NN0000017293,石川県野々市市,粟田６号緑地,アワダ６ゴウリョクチ,"","",1005,"","",,"",石川県野々市市粟田5丁目412,石川県,野々市市,粟田5丁目,412,"",36.5157003,136.6103366,"","",076-227-6092,"","","","","",5000020172120,野々市市,"","","","",都市緑地,"","","","","","","","","","","","","","","","","","","","",""
114,172120,NN0000017294,石川県野々市市,矢作５号緑地,ヤハギ５ゴウリョクチ,"","",1005,"","",,"",石川県野々市市矢作４丁目32-31,石川県,野々市市,矢作４丁目,32-31,"",36.52324695,136.6147408,"","",076-227-6092,"","","","","",5000020172120,野々市市,"","","","",都市緑地,"","","","","","","","","","","","","","","","","","","","",""
115,172120,NN0000017295,石川県野々市市,堀内東公園,ホリウチヒガシコウエン,"","",1003,"","",,"",石川県野々市市堀内4丁目143 他,石川県,野々市市,堀内4丁目,143 他,"",36.53036828,136.6019761,"","",076-227-6092,"","","","","",5000020172120,野々市市,"","","","",街区公園,"","","",有,"","","","","","","","","","","","","","","","",""
116,172120,NN0000017296,石川県野々市市,徳用つばき公園,トクモトツバキコウエン,"","",1003,"","",,"",石川県野々市市徳用3丁目338,石川県,野々市市,徳用3丁目,338,"",36.53525843,136.5922344,"","",076-227-6092,"","","","","",5000020172120,野々市市,"","","","",街区公園,"","","","","","","","","","","","","","","","","","","","",""
117,172120,NN0000017297,石川県野々市市,美郷さくら公園,ミサトサクラコウエン,"","",1003,"","",,"",石川県野々市市郷1丁目122,石川県,野々市市,郷1丁目,122,"",36.5343037,136.5879133,"","",076-227-6092,"","","","","",5000020172120,野々市市,"","","","",街区公園,"","","","","","","","","","","","","","","","","","","","",""
118,172120,NN0000017298,石川県野々市市,三日市ふれあい公園,ミッカイチフレアイコウエン,"","",1003,"","",,"",石川県野々市市三日市1丁目371,石川県,野々市市,三日市1丁目,371,"",36.53662261,136.5965098,"","",076-227-6092,"","","","","",5000020172120,野々市市,"","","","",街区公園,"","","","","","","","","","","","","","","","","","","","",""
119,172120,NN0000017299,石川県野々市市,二日市２号緑地,フツカイチ２ゴウリョクチ,"","",1003,"","",,"",石川県野々市市二日市4丁目15,石川県,野々市市,二日市4丁目,15,"",36.5388531,136.5995568,"","",076-227-6092,"","","","","",5000020172120,野々市市,"","","","",街区公園,"","","","","","","","","","","","","","","","","","","","",""
120,172120,NN0000017300,石川県野々市市,二日市３号緑地,フツカイチ３ゴウリョクチ,"","",1003,"","",,"",石川県野々市市二日市4丁目81,石川県,野々市市,二日市4丁目,81,"",36.53846088,136.5984276,"","",076-227-6092,"","","","","",5000020172120,野々市市,"","","","",街区公園,"","","","","","","","","","","","","","","","","","","","",""
121,172120,NN0000017301,石川県野々市市,三日市１号緑地,ミッカイチ１ゴウリョクチ,"","",1003,"","",,"",石川県野々市市三日市3丁目5,石川県,野々市市,三日市3丁目,5,"",36.53727129,136.5997284,"","",076-227-6092,"","","","","",5000020172120,野々市市,"","","","",街区公園,"","","","","","","","","","","","","","","","","","","","",""
122,172120,NN0000017302,石川県野々市市,つばきの郷公園,ツバキノサトコウエン,"","",1003,"","",,"",石川県野々市市二日市5丁目207､334､338,石川県,野々市市,二日市5丁目,207､334､338,"",36.53879491,136.59379,"","",076-227-6092,"","","","","",5000020172120,野々市市,"","","","",地区公園,"","","",有,"","","","","","",有,"","","","","","","","","",""
123,172120,NN0000017303,石川県野々市市,郷１号緑地,ゴウ１ゴウリョクチ,"","",1003,"","",,"",石川県野々市市郷1丁目208,石川県,野々市市,郷1丁目,208,"",36.53630366,136.5886026,"","",076-227-6092,"","","","","",5000020172120,野々市市,"","","","",街区公園,"","","","","","","","","","","","","","","","","","","","",""
124,172120,NN0000017304,石川県野々市市,徳用２号緑地,トクヨウ２ゴウリョクチ,"","",1003,"","",,"",石川県野々市市徳用3丁目115,石川県,野々市市,徳用3丁目,115,"",36.53649761,136.589528,"","",076-227-6092,"","","","","",5000020172120,野々市市,"","","","",街区公園,"","","","","","","","","","","","","","","","","","","","",""
125,172120,NN0000017305,石川県野々市市,清金１号緑地,キヨカネ１ゴウリョクチ,"","",1003,"","",,"",石川県野々市市清金2丁目1-8,石川県,野々市市,清金2丁目,1-8,"",36.51830432,136.5981459,"","",076-227-6092,"","","","","",5000020172120,野々市市,"","","","",街区公園,"","","","","","","","","","","","","","","","","","","","",""
126,172120,NN0000017306,石川県野々市市,柳町公園,ヤナギマチコウエン,"","",1003,"","",,"",石川県野々市市柳町304、306、307、308、318、319、320,石川県,野々市市,柳町,304、306、307、308、318、319、320,"",36.52876259,136.5830129,"","",076-227-6092,"","","","","",5000020172120,野々市市,"","","","",街区公園,"","","","","","","","","","","","","","","","","","","","",""
127,172120,NN0000017307,石川県野々市市,粟田７号緑地,アワタ７ゴウリョクチ,"","",1005,"","",,"",石川県野々市市粟田6丁目66番２,石川県,野々市市,粟田6丁目,66番２,"",36.5100242,136.6079762,"","",076-227-6092,"","","","","",5000020172120,野々市市,"","","","",都市緑地,"","","","","","","","","","","","","","","","","","","","",""
128,172120,NN0000017308,石川県野々市市,蓮花寺1号公園,レンゲジ１ゴウコウエン,"","",1003,"","",,"",石川県野々市市西部中央土地区画整理事業施行地区48街区、49街区,石川県,野々市市,西部中央土地区画整理事業施行地区48街区、49街区,"","",36.52867939,136.5939633,"","",076-227-6092,"","","","","",5000020172120,野々市市,"","","","",街区公園,"","","","","","","","","","","","","","","","","","","","",""
129,172120,NN0000017309,石川県野々市市,新庄４号緑地,シンジョウ４ゴウリョクチ,"","",1003,"","",,"",石川県野々市市新庄１丁目19-5,石川県,野々市市,新庄１丁目,45431,"",36.49858859,136.6120126,"","",076-227-6092,"","","","","",5000020172120,野々市市,"","","","",街区公園,"","","","","","","","","","","","","","","","","","","","",""
130,172120,NN0000017310,石川県野々市市,押野１号緑地,オシノ１ゴウリョクチ,"","",1003,"","",,"",石川県野々市市押野２丁目217-30,石川県,野々市市,押野２丁目,217-30,"",36.53901883,136.6151005,"","",076-227-6092,"","","","","",5000020172120,野々市市,"","","","",街区公園,"","","","","","","","","","","","","","","","","","","","",172120
131,172120,NN0000014675,石川県野々市市,野々市市民体育館,ノノイチシミンタイイクカン,"","",1110,"","",,"",石川県野々市市下林三丁目97,石川県,野々市市,下林三丁目,97,"",36.525631,136.59958,"","",076-248-1223,"","","","","",5000020172120,野々市市,月火水木金土日,9:00,22:00,日曜、祝日は9:00から18:00まで。月曜日（祝日にあたる場合はその翌日）は13:00から22:00まで。12月28日から１月４日は利用不可。,市民体育館、市民野球場、テニスコート、中央公園運動広場などからなるスポーツ施設群の中枢をなす施設です。体育館には大体育室、小体育室、トレーニング室があり、いろいろな競技に使用できます。大体育室では、バスケットボール・バレーボールコートともに２面使用できます。小体育室では卓球やトランポリン、トレーニング室では各種のトレーニングマシンを使用することができます。観客席は240席あり、各種大会や運動会などにも利用されています。 ,"",有,"",有,有,"","","","","",有,"","","","","","",https://www.city.nonoichi.lg.jp/soshiki/38/23040.html,"","",""
132,172120,NN0000014676,石川県野々市市,野々市市スポーツランド（プール）,ノノイチシスポーツランドプール,"","",1107,"","",,"",石川県野々市市中林五丁目1-1,石川県,野々市市,中林五丁目,1-1,"",36.512491,136.606051,"","",076-294-5800,"","","","","",5000020172120,野々市市,月水木金土日,10:00,21:00,日曜、祝日は10:00から17:00まで。12月27日から１月５日は利用不可。,＜室内＞25メートルプール、児童プール、ジャグジープール、研修室＜屋外＞流水プール、アスレチックプール（夏季期間のみ）,"",有,"",有,有,"","","","","",有,"","","","","","",https://www.city.nonoichi.lg.jp/soshiki/38/2572.html,"","",""
133,172120,NN0000014677,石川県野々市市,野々市市スポーツセンター,ノノイチシスポーツセンター,"","",1110,"","",,"",石川県野々市市押野二丁目30,石川県,野々市市,押野二丁目,30,"",36.540705,136.612157,"","",076-294-5511,"","","","","",5000020172120,野々市市,月火水木金土日,9:00,22:00,日曜、祝日は9:00から18:00まで。火曜日（祝日にあたる場合はその翌日）は13:00から22:00まで。12月28日から１月４日は利用不可。,大体育室（アリーナ）では、バスケットボール・バレーボールコートともに２面使用できます。小体育室（サブアリーナ）では卓球など、トレーニングルームは軽運動で使用することができます。観客席は408席あり、各種大会や運動会などにも利用されています。,"",有,"",有,有,"","","","","",有,"","","","","","",https://www.city.nonoichi.lg.jp/soshiki/38/23161.html,"","",""
134,172120,NN0000014678,石川県野々市市,野々市市民野球場,ノノイチシミンヤキュウジョウ,"","",1103,"","",,"",石川県野々市市下林三丁目97,石川県,野々市市,下林三丁目,97,"",36.524004,136.599806,"","",076-248-1223,"","","","","",5000020172120,野々市市,月火水木金土日,"",21:00,開始時間は日の出。日曜日・祝日は日の出から日没まで。12月28日から１月４日は利用不可。,"野々市中央公園内に立地する野球場で、ナイター設備がありますので夜間の使用も可能となっています。また、1,300人収容の観客席と、敷地内には雨天練習場もあります。","","","","","","","","","","","","","","","","","",https://www.city.nonoichi.lg.jp/soshiki/38/23162.html,"","",""
135,172120,NN0000014706,石川県野々市市,野々市訪問看護ステーション,ノノイチホウモンカンゴステーション,"","",1499,"","",,"",石川県野々市市野代二丁目145-2,石川県,野々市市,野代二丁目,145-2,"",36.538197,136.60281,"","",076-248-8707,"","","","","",8220005000008,一般社団法人石川県医療在宅ケア事業団,,,,,,,,,,,,,,,,,,,,,,,,,,
136,172120,NN0000014679,石川県野々市市,野々市市武道館,ノノイチシブドウカン,"","",1113,"","",,"",石川県野々市市位川183,石川県,野々市市,位川,183,"",36.525151,136.608063,"","",076-248-1223,"","","","","",5000020172120,野々市市,月火水木金土,9:00,21:30,12月28日から１月４日利用不可,柔道場１面と剣道場２面を有し、柔道・剣道をはじめとした各種武道で使用することができます。,"","","",有,有,"","","","","","","","","","","","",https://www.city.nonoichi.lg.jp/soshiki/38/23163.html,"","",""
137,172120,NN0000014680,石川県野々市市,野々市市弓道場,ノノイチシキュウドウジョウ,"","",1120,"","",,"",石川県野々市市太平寺三丁目126-1,石川県,野々市市,太平寺三丁目,126-1,"",36.531642,136.604344,"","",076-248-1223,"","","","",-,5000020172120,野々市市,月火水木金土,9:00,21:00,12月28日から１月４日利用不可,近的の弓道場で、市弓道協会や学校の部活動に使用されています。,"","","","","","","","","","","","","","","","","",https://www.city.nonoichi.lg.jp/soshiki/38/23184.html,"","",""
138,172120,NN0000014681,石川県野々市市,野々市市健康広場,ノノイチシケンコウヒロバ,"","",1106,"","",,"",石川県野々市市上林一丁目180,石川県,野々市市,上林一丁目,180,"",36.499376,136.599739,"","",076-248-1223,"","","","","",5000020172120,野々市市,月火水木金土日,"","",利用時間は日の出から日没まで。12月28日から１月４日利用不可。,ソフトボール場２面、サッカーコート１面の大きさがあり、大会にも利用されています。,"","","","","","","","","","","","","","","","","",https://www.city.nonoichi.lg.jp/soshiki/38/23183.html,"","",""
139,172120,NN0000014682,石川県野々市市,野々市中央公園テニスコート・運動広場,ノノイチチュウオウコウエンテニスコート・ウンドウヒロバ,"","",1106,"","",,"",石川県野々市市下林三丁目97,石川県,野々市市,下林三丁目,97,"",36.525412,136.598924,"","",076-248-1223,"","","","","",5000020172120,野々市市,月火水木金土日,"",21:00,開始時間は日の出。日曜日・祝日は日の出から日没まで。12月28日から１月４日は利用不可。,＜テニスコート＞市民体育館に隣接するテニス場コートで、２面使用できます。ナイター設備も使用できます。＜運動広場＞野々市中央公園と一体になった運動広場で、ソフトボール、グラウンドゴルフ、ゲートボール、などのスポーツができます。また、ナイター照明を使用することができます。,"","","","","","","","","","","","","","","","","",https://www.city.nonoichi.lg.jp/soshiki/38/23164.html,"","",""
140,172120,NN0000014683,石川県野々市市,押野中央公園運動広場,オシノチュウオウコウエンウンドウヒロバ,"","",1106,"","",,"",石川県野々市市押野一丁目339,石川県,野々市市,押野一丁目,339,"",36.543943,136.616975,"","",076-248-1223,"","","","","",5000020172120,野々市市,月火水木金土日,"","",利用時間は日の出から日没まで。12月28日から１月４日利用不可。,ソフトボール、グラウンドゴルフ、ゲートボールなどのレクリエーションに使用できます。,"","","","","","","","","","","","","","","","","",https://www.city.nonoichi.lg.jp/soshiki/38/23169.html,"","",""
141,172120,NN0000017425,石川県野々市市,野々市市スポーツランド（さわやかホール）,ノノイチシスポーツランドサワヤカホール,"","",1199,"","",,"",石川県野々市市中林五丁目1-1,石川県,野々市市,中林五丁目,1-1,"",36.512491,136.606051,"","",076-294-5800,"","","","","",5000020172120,野々市市,月火水木金土日,9:00,21:00,日曜、祝日は9:00から17:00まで。12月28日から１月4日は利用不可。,雨天時にも使用可能な土質の屋内運動場です。ゲートボールやソフトテニスのほか、運動会などにも利用されています。,"","","","","","","","","","",有,"","","","","","","","","",""
142,172120,NN0000017426,石川県野々市市,野々市市スポーツランド（テニスコート）,ノノイチシスポーツランドテニスコート,"","",1116,"","",,"",石川県野々市市中林五丁目1-1,石川県,野々市市,中林五丁目,1-1,"",36.512491,136.606051,"","",076-294-5800,"","","","","",5000020172120,野々市市,月火水木金土日,"",21:00,開始時間は日の出。日曜日・祝日は日の出から日没まで。12月28日から１月４日は利用不可。,砂入り人工芝コート４面のほかに、壁打コート１面があります。また、ナイター設備がありますので夜間の使用も可能となっています。,"","","","","","","","","","",有,"","","","","","","","","",
143,172120,NN0000014699,石川県野々市市,いきがいセンター御経塚,イキガイセンターオキョウヅカ,"","",1499,"","",,"",石川県野々市市御経塚一丁目38,石川県,野々市市,御経塚一丁目,38,"",36.542896,136.59947,"","",076-248-2231,"","","","","",5000020172120,野々市市,,,,,,,,,,,,,,,,,,,,,,,,,,
144,172120,NN0000014700,石川県野々市市,野々市市郷・押野地区地域包括支援センター,ノノイチシゴウ・オシノチクチイキホウカツシエンセンター,"","",1499,"","",,"",石川県野々市市蓮花寺町1番地１　金沢南ケアセンター内,石川県,野々市市,蓮花寺町,1番地１,金沢南ケアセンター内,36.529348,136.592403,"","",076-294-6547,"","","","","",5000020172120,野々市市,,,,,,,,,,,,,,,,,,,,,,,,,,
145,172120,NN0000014701,石川県野々市市,野々市市富奥地区地域包括支援センター,ノノイチシトミオクチクチイキホウカツシエンセンター,"","",1499,"","",,"",石川県野々市市新庄二丁目14番地 グループホームあんのん内,石川県,野々市市,新庄二丁目,14番地,グループホームあんのん内,36.511261,136.612749,"","",076-248-7676,"","","","","",5000020172120,野々市市,,,,,,,,,,,,,,,,,,,,,,,,,,
146,172120,NN0000014702,石川県野々市市,野々市市本町地区地域包括支援センター,ノノイチシホンマチチクチイキホウカツシエンセンター,"","",1499,"","",,"",石川県野々市市菅原町1-13,石川県,野々市市,菅原町,1-13,"",36.529542,136.614715,"","",076-246-8005,"","","","","",5000020172120,野々市市,,,,,,,,,,,,,,,,,,,,,,,,,,
147,172120,NN0000014703,石川県野々市市,老人福祉センター椿荘,ロウジンフクシセンターツバキソウ,"","",1499,"","",,"",石川県野々市市矢作三丁目1-2,石川県,野々市市,矢作三丁目,1-2,"",36.523404,136.611535,"","",076-246-5570,"","","","","",5000020172120,野々市市,,,,,,,,,,,,,,,,,,,,,,,,,,
148,172120,NN0000014704,石川県野々市市,野々市市社会福祉協議会,ノノイチシシャカイフクシキョウギカイ,"","",1499,"","",,"",石川県野々市市本町五丁目18-5,石川県,野々市市,本町五丁目,1805,"",36.527462,136.609268,"","",076-246-0112,"","","","","",6220005001973,社会福祉法人野々市市社会福祉協議会,,,,,,,,,,,,,,,,,,,,,,,,,,
149,172120,NN0000014705,石川県野々市市,地域活動支援センターののいち,チイキカツドウシエンセンターノノイチ,"","",1499,"","",,"",石川県野々市市中林四丁目120,石川県,野々市市,中林四丁目,120,"",36.516013,136.5993,"","",076-248-6565,"","","","","",8220005001971,社会福祉法人金沢市民生協会地域活動支援センターののいち,,,,,,,,,,,,,,,,,,,,,,,,,,
150,172120,NN0000014707,石川県野々市市,野々市市役所,ノノイチシヤクショ,"","",1302,"","",,"",石川県野々市市三納一丁目１,石川県,野々市市,三納一丁目,1,"",36.519491,136.609743,"","",076-227-6000,"","","","","",5000020172120,野々市市,,,,,,,,,,,,,,,,,,,,,,,,,,
151,172120,NN0000014708,石川県野々市市,野々市市シルバー人材センター,ノノイチシシルバージンザイセンター,"",野々市市シルバー人材センター,1399,"","",,"",石川県野々市市白山町8-15,石川県,野々市市,白山町,8-15,"",36.528526,136.611182,"","",076-294-8303,"","","","","",2220005007355,野々市市シルバー人材センター,,,,,,,,,,,,,,,,,,,,,,,,,,
152,172120,NN0000014709,石川県野々市市,野々市市保健センター,ノノイチシホケンセンター,"","",1399,"","",,"",石川県野々市市三納三丁目128,石川県,野々市市,三納三丁目,128,"",36.523698,136.610837,"","",076-248-3511,"","","","","",5000020172120,野々市市,,,,,,,,,,,,,,,,,,,,,,,,,,
153,172120,NN0000014710,石川県野々市市,野々市市消費生活センター,ノノイチシショウヒセイカツセンター,"","",1399,"","",,"",石川県野々市市三納一丁目１番地,石川県,野々市市,三納一丁目,１番地,"",36.519491,136.609743,"","",076-227-6054,"","","","","",5000020172120,野々市市,,,,,,,,,,,,,,,,,,,,,,,,,,
154,172120,NN0000014711,石川県野々市市,温泉スタンド,オンセンスタンド,"","",1399,"","",,"",石川県野々市市田尻町96番地14,石川県,野々市市,田尻町96番地,14,"",36.531868,136.595384,"","",076-227-6102,"","","","","",5000020172120,野々市市,,,,,,,,,,,,,,,,,,,,,,,,,,
155,172120,NN0000014712,石川県野々市市,白山野々市広域消防本部　野々市消防署,ハクサンノノイチコウイキショウボウホンブ　ノノイチショウボウショ,"","",1215,"","",,"",石川県野々市市本町五丁目83番地,石川県,野々市市,本町五丁目,83番地,"",36.527803,136.609991,"","",076-248-9119,"","","","","",9000020178411,白山野々市広域事務組合,,,,,,,,,,,,,,,,,,,,,,,,,,
156,172120,NN0000014713,石川県野々市市,白山警察署　野々市北交番,ハクサンケイサツショ　ノノイチキタコウバン,"","",1212,"","",,"",石川県野々市市二日市三丁目７番地,石川県,野々市市,二日市三丁目,７番地,"",36.54175,136.598639,"","",076-248-0125,"","","","","","",石川県警察,,,,,,,,,,,,,,,,,,,,,,,,,,
157,172120,NN0000014714,石川県野々市市,白山警察署　野々市南交番,ハクサンケイサツショ　ノノイチミナミコウバン,"","",1212,"","",,"",石川県野々市市藤平138-1,石川県,野々市市,藤平,138-1,"",36.514644,136.60461,"","",076-294-1500,"","","","","","",石川県警察,,,,,,,,,,,,,,,,,,,,,,,,,,
158,172120,NN0000014715,石川県野々市市,白山警察署　野々市交番,ハクサンケイサツショ　ノノイチコウバン,"","",1212,"","",,"",石川県野々市市本町六丁目22-2,石川県,野々市市,本町六丁目,22-2,"",36.533083,136.607574,"","",076-248-0059,"","","","","","",石川県警察,,,,,,,,,,,,,,,,,,,,,,,,,,
159,172120,NN0000014716,石川県野々市市,石川県百々鶴荘,イシカワケンモモヅルソウ,"","",1408,"","",,"",石川県野々市市上林一丁目179,石川県,野々市市,上林一丁目,179,"",36.498471,136.598761,"","",076-248-4775,"","","","","",9220005001987,社会福祉法人　石川県社会福祉事業団,,,,,,,,,,,,,,,,,,,,,,,,,,
160,172120,NN0000014717,石川県野々市市,セルプはくさん（B型事業・生活介護事業）,セルプハクサン（ビーガタジギョウ・セイカツカイゴジギョウ）,"","",1499,"","",,"",石川県野々市市末松二丁目229,石川県,野々市市,末松二丁目,229,"",36.506368,136.59057,"","",076-248-9300,"","","","","",9220005001970,社会福祉法人石川サニーメイト,,,,,,,,,,,,,,,,,,,,,,,,,,
161,172120,NN0000014718,石川県野々市市,サニーメイト福祉工場（A型事業・B型事業）,サニーメイトフクシコウジョウ（エーガタジギョウ・ビーガタジギョウ）,"","",1499,"","",,"",石川県野々市市末松二丁目239,石川県,野々市市,末松二丁目,239,"",36.506081,136.589873,"","",076-248-0294,"","","","","",9220005001970,社会福祉法人石川サニーメイト,,,,,,,,,,,,,,,,,,,,,,,,,,
162,172120,NN0000014719,石川県野々市市,けやき野苑,ケヤキノエン,"","",1499,"","",,"",石川県野々市市中林一丁目1-1,石川県,野々市市,中林一丁目,1-1,"",36.511155,136.606346,"","",076-248-4871,"","","","","",4220005001975,社会福祉法人富明会,,,,,,,,,,,,,,,,,,,,,,,,,,
163,172120,NN0000014720,石川県野々市市,グループホーム野々花苑,グループホームノノカエン,"","",1499,"","",,"",石川県野々市市末松二丁目229,石川県,野々市市,末松二丁目,229,"",36.506368,136.59057,"","",076-248-9300,"","","","","",9220005001970,社会福祉法人石川サニーメイト,,,,,,,,,,,,,,,,,,,,,,,,,,
164,172120,NN0000014721,石川県野々市市,野々市市発達相談センター,ノノイチシハッタツソウダンセンター,"",野々市市発達相談センター,1499,"","",,"",石川県野々市市菅原町8-33,石川県,野々市市,菅原町,8-33,"",36.528553,136.616116,"","",076-248-1333,"","","","","",5000020172120,野々市市,,,,,,,,,,,,,,,,,,,,,,,,,,
165,172120,NN0000014723,石川県野々市市,交遊舎,コウユウシャ,"","",1309,"","",,"",石川県野々市市二日市一丁目２,石川県,野々市市,二日市一丁目,2,"",36.542288,136.598622,"","",076-294-8166,"","","","","",5000020172120,野々市市,,,,,,,,,,,,,,,,,,,,,,,,,,
166,172120,NN0000030638,石川県野々市市,メモリアルパークののいち,メモリアルパークノノイチ,"","",2010,"","",,"",石川県野々市市中林土地区画整理事業施行地区24街区1番,石川県,野々市市,中林土地区画整理事業施行地区24街区,1番,"",36.51132121,136.6006777,"","",076-227-6052,"","","","","",5000020172120,野々市市,,,,,,,,,,,,,,,,,,,,,,,,,,
167,172120,NN0000030639,石川県野々市市,野々市市障害者基幹相談支援センター,ノノイチシショウガイシャキカンソウダンシエンセンター,"","",1499,"","",,"",石川県野々市市中林４丁目123番,石川県,野々市市,中林４丁目,123番,"",36.51699215,136.5990733,"","",080-8693-0108,"","","","","",8220005001971,社会福祉法人金沢民生協会,,,,,,,,,,,,,,,,,,,,,,,,,,
168,172120,NN0000014684,石川県野々市市,石川障害者職業能力開発校,イシカワショウガイシャショクギョウノウリョクカイハツコウ,"","",1514,"","",,"",石川県野々市市末松二丁目245,石川県,野々市市,末松二丁目,245,"",36.506845,136.590141,"","",076-248-2235,"","","","","",2000020170003,石川県,"","","","",身体障害、精神障害又は知的障害のある方等が、各人の能力に適応する職種について基礎的な知識・技能を習得するための職業能力開発の施設です。,"",有,"","",有,"","","","","",有,"","","","","","",http://www.pref.ishikawa.lg.jp/syonou/index.html,"","",""
169,172120,NN0000014685,石川県野々市市,石川県立明和特別支援学校,イシカワケンリツメイワトクベツシエンガッコウ,"","",1509,"","",,"",石川県野々市市中林四丁目70,石川県,野々市市,中林四丁目,70,"",36.515189,136.600882,"","",076-246-1133,"","","","","",2000020170003,石川県,"","","","",石川の特別支援教育の中心校であった石川県立養護学校と石川県立明和養護学校の二つの学校が一つになり、平成22年４月知的障害教育部門、肢体不自由教育部門を擁する特別支援学校として新たなスタートを切りました。石川県立養護学校45年、石川県立明和養護学校38年、両校が築いてきた地域との交流、保護者との絆、同窓生の信頼を基盤に、校訓「明るく　仲良く　たくましく」を銘に、新しい学校が今、ここに誕生しました。「明るく　健康な心と体で、よく遊びよく学ぶ人間」、「仲良く　思いやりのある心豊かな人間」、「たくましく自らの障害を理解し、自分らしく社会参加を目指す人間」の育成を目標にしています。,"",有,"",有,有,"","","","","",有,"","","","","","",http://www.ishikawa-c.ed.jp/~meiwas/,"","",""
170,172120,NN0000014686,石川県野々市市,放送大学石川学習センター,ホウソウダイガクイシカワガクシュウセンター,"","",1506,"","",,"",石川県野々市市扇が丘7-1,石川県,野々市市,扇が丘,7-1,"",36.53103,136.6284,"","",076-246-4029,"","","","","",7040005001842,放送大学学園,"","","","",野々市市の金沢工業大学扇が丘キャンパス内にあります。授業は放送による視聴学習が主体。都合の良い時に都合の良い場所で、たとえ遠隔地であっても学習することができます。放送を見逃した場合、学習センターの再視聴室で何度でも同じ科目の放送教材を視聴することができ、その放送教材の郵送貸出サービスも行っているため、自宅での視聴も可能です。面接授業（他の学生と一緒に直接、教員から指導を受ける授業）のほか、教員による学習相談や公開講座も開催。皆さんが学びそして習得したいもの、それを選択できるのが放送大学であり、その目的達成を支援することに全力を注いでいるのが学習センターです。,"","","",有,有,"","","","","",有,"","","","","","",https://www.sc.ouj.ac.jp/center/ishikawa/,"","",""
171,172120,NN0000014687,石川県野々市市,石川県立大学,イシカワケンリツダイガク,"","",1506,"","",,"",石川県野々市市末松１丁目308番地,石川県,野々市市,末松１丁目,308番地,"",36.506583,136.596719,"","",076-227-7220,"","","","","",5220005004523,石川県公立大学法人,"","","","",農学系大学として開学。新しい展開として生物資源環境学という学問分野を掲げ、人間が自然環境との調和をはかりながら生物資源を活用するための原理の探求、応用技術の開発を使命として、農業生産、環境、食と健康、さらには バイオサイエンスやバイオテクノロジーの各分野で教育・研究を実践してきました。地域農業の発展と地域活性化に寄与するべく、行政や研究機関、企業等との連携を推進し、自然エネルギーや未利用エネルギー、農産物の六次化などの分野で、本学が有する知的資源を役立てるさまざまな取り組みを実践しています。石川の特性を踏まえた教育・研究、多彩なフィールドワークを通して、地域課題に向き合い、これからの地域を支える人材を養成します。,"",有,"",有,有,有,"",可,"","",有,"","","","","","",http://www.ishikawa-pu.ac.jp/,"","",""
172,172120,NN0000014688,石川県野々市市,金沢工業大学,カナザワコウギョウダイガク,"",KIT,1506,"","",,"",石川県野々市市扇が丘7-1,石川県,野々市市,扇が丘,7-1,"",36.529959,136.6272,"","",076-248-1100,"","","","","",2220005001911,金沢工業大学,"","","","",金沢工業大学（KIT）は学園の建学綱領に基づき、学生、理事、教職員が三位一体となり、学園共同体の理想とする工学アカデミアを形成し、三大建学綱領の具現化を目的とする卓越した教育と研究を実践し、社会に貢献します。,"",有,"",有,有,有,"","","","",有,"","","","","","",http://www.kanazawa-it.ac.jp/index.html,"","",""
173,172120,NN0000014689,石川県野々市市,石川県立野々市明倫高校,イシカワケンリツノノイチメイリンコウコウ,"","",1505,"","",,"",石川県野々市市下林三丁目309番地,石川県,野々市市,下林三丁目,309番地,"",36.525252,136.601053,"","",076-246-3191,"","","","","",2000020170003,石川県,"","","","",野々市市唯一の県立高校として昭和58年に創立され、地域の熱い期待を担いながら、地域に開かれた明るく活力ある学校づくりを推進してきました。校訓は「聡く（さとく）、正しく（ただしく）、逞しく（たくましく）」であり、「知」・「徳」・「体」の調和のとれた人材育成を目標にしています。,"",有,"",有,有,"","",有,"","",有,"","","","","","",https://cms1.ishikawa-c.ed.jp/meirih/,"","",""
174,172120,NN0000014690,石川県野々市市,野々市市立布水中学校,ノノイチシリツフスイチュウガッコウ,"","",1504,"","",,"",石川県野々市市押野二丁目100番地,石川県,野々市市,押野二丁目,100番地,"",36.538852,136.612487,"","",076-248-0039,"","","","","",5000020172120,野々市市,"","","","",校訓は「向上　独立　自律　友愛　公徳」。学校教育目標は「高い理想を持ち、新しい未来社会に役立つ実力を身に付けた生徒の育成」です。,"",有,"",有,有,"","","","","",有,"","","","","","",https://cms1.ishikawa-c.ed.jp/fusuij/,"","",""
175,172120,NN0000014691,石川県野々市市,野々市市立野々市中学校,ノノイチシリツノノイチチュウガッコウ,"","",1504,"","",,"",石川県野々市市三納三丁目１番地,石川県,野々市市,三納三丁目,１番地,"",36.524693,136.60833,"","",076-246-0115,"","","","","",5000020172120,野々市市,"","","","",校訓は「自主」「実践」「友愛」。学校教育目標は「志を高くし郷土を愛する生徒を育てる」です。,"",有,"",有,有,"","","","","",有,"","","","","","",https://cms1.ishikawa-c.ed.jp/nonoij/,"","",""
176,172120,NN0000014692,石川県野々市市,野々市市立館野小学校,ノノイチシリツタチノショウガッコウ,"","",1503,"","",,"",石川県野々市市押野三丁目71番地,石川県,野々市市,押野三丁目,71番地,"",36.540471,136.617015,"","",076-248-0622,"","","","","",5000020172120,野々市市,"","","","",学校教育目標は『「心豊かでたくましく、すすんで学び合う子」の育成』です。めざす児童像は「明るく」「正しく」「たくましく」です。,"",有,"",有,有,"","","","","",有,"","","","","","",https://cms1.ishikawa-c.ed.jp/tachne/,"","",""
177,172120,NN0000014693,石川県野々市市,野々市市立富陽小学校,ノノイチシリツフヨウショウガッコウ,"","",1503,"","",,"",石川県野々市市中林五丁目70番地,石川県,野々市市,中林五丁目,70番地,"",36.513586,136.603725,"","",076-246-4380,"","","","","",5000020172120,野々市市,"","","","",学校教育目標は『「自ら考え、実践する子」の育成』です。めざす児童像は「考える子」「やさしい子」「たくましい子」です。,"",有,"",有,有,"","","","","",有,"","","","","","",https://cms1.ishikawa-c.ed.jp/fuyoue/,"","",""
178,172120,NN0000014694,石川県野々市市,野々市市立菅原小学校,ノノイチシリツスガハラショウガッコウ,"","",1503,"","",,"",石川県野々市市菅原町20-1,石川県,野々市市,菅原町,20-1,"",36.525348,136.615851,"","",076-246-6066,"","","","","",5000020172120,野々市市,"","","","",学校教育目標は「ゆめに向かって自ら学び 心豊かでたくましい児童の育成」です。めざす児童像は「考える子」「助け合う子」「粘り強い子」です。,"",有,"",有,有,"","","","","",有,"","","","","","",http://education.city.nonoichi.ishikawa.jp/sugaharasyo/,"","",""
179,172120,NN0000017311,石川県野々市市,学びの杜ののいち　カレード,マナビノモリノノイチ　カレード,"","",1512,"","",,"",石川県野々市市太平寺四丁目156,石川県,野々市市,太平寺四丁目,156,"",36.529197,136.608188,"","",076-248-8099,"",library@kaleido-nono1.jp,"","",921-8845,5000020172120,野々市市,月火木金土日,9:00,22:00,祝日、12月28日から１月４日は利用不可。,図書館と市民学習を融合させた新しいカタチの生涯学習施設です。この複合施設を『市民の学びと文化・芸術・創造、情報発信、市民協働におけるシンボル』として位置づけ、教育面や文化面、芸術面でより活発な活動をし、情報発信を行います。また、地域住民や周辺施設との協力・支援・連携を活かしながら相乗効果を高め合い、新たな出会いと賑わいを創出するまちづくりに貢献していきます。無料駐車場約130台（内、車椅子、マタニティ専用４台）、 駐輪場有,可,有,"",有,有,有,"",可,"","",有,"",有,有,可,有,有,http://www.kaleido-nono1.jp/,"","",
180,172120,NN0000014695,石川県野々市市,野々市市立御園小学校,ノノイチシリツミソノショウガッコウ,"","",1503,"","",,"",石川県野々市市稲荷四丁目128,石川県,野々市市,稲荷四丁目,128,"",36.537677,136.604422,"","",076-248-3201,"","","","","",5000020172120,野々市市,"","","","",学校教育目標は 『未来をたくましく生きぬく人間の育成「笑顔いっぱいの学校」』です。めざす児童のすがたは「やさしく（徳）　思いやりをもって、人とかかわる子」「かしこく（知）　進んで学ぶ子」「たくましく（体）　健康に関心を持ち、心と体を鍛える子」です。,"",有,"",有,有,"","","","","",有,"","","","","","",https://cms1.ishikawa-c.ed.jp/misone/,"","",""
181,172120,NN0000014696,石川県野々市市,野々市市立野々市小学校,ノノイチシリツノノイチショウガッコウ,"","",1503,"","",,"",石川県野々市市本町五丁目3-1,石川県,野々市市,本町五丁目,3-1,"",36.532017,136.608943,"","",076-248-0084,"","","","","",5000020172120,野々市市,"","","","",学校教育目標は『「確かな学力と豊かな人間性を身に付けた、たくましい子を育てる」です。めざす子ども像は「自分から　かがやく　ののっ子」・健康でやりぬく子　・心豊かな考える子　・よりよい社会を築く子』です。,"",有,"",有,有,"","","","","",有,"","","","","","",https://cms1.ishikawa-c.ed.jp/nonoie/,"","",""
182,172120,NN0000014697,石川県野々市市,野々市市小学校給食センター　,ノノイチシショウガッコウキュウショクセンター,"","",1599,"","",,"",石川県野々市市太平寺三丁目126-1,石川県,野々市市,太平寺三丁目,126-1,"",36.531787,136.604841,"","",076-248-2090,"","","","","",5000020172120,野々市市,"","","","",市内の小学校で提供する給食を作り、各学校へ届けています。配送校：野々市小学校、御園小学校、菅原小学校、富陽小学校、館野小学校,"","","",有,有,"","","","","",有,"","","","","","",https://www.city.nonoichi.lg.jp/soshiki/35/556.html,"","",""
183,172120,NN0000014698,石川県野々市市,野々市市中学校給食センター,ノノイチシチュウガッコウキュウショクセンター,"","",1599,"","",,"",石川県野々市市太平寺三丁目126-1,石川県,野々市市,太平寺三丁目,126-1,"",36.531379,136.604646,"","",076-246-3066,"","","","","",5000020172120,野々市市,"","","","",市内の中学校で提供する給食を作り、各学校へ届けています。配送校：野々市中学校、布水中学校,"","","",有,有,"","","","","","","","","","","","",https://www.city.nonoichi.lg.jp/soshiki/35/556.html,"","",
184,172120,NN0000014669,石川県野々市市,野々市市富奥公民館,ノノイチシトミオクコウミンカン,"","",1307,"","",,"",石川県野々市市中林五丁目3-22,石川県,野々市市,中林五丁目,3番地22,"",36.511814,136.60545,"","",076-248-0829,"",tomioku_hall@city.nonoichi.ishikawa.jp,"","",921-8834,5000020172120,野々市市,火水木金土日,9:00,22:00,予約状況により、19時、20時または21時に閉館。祝日、12月28日から１月４日は利用不可。,平成26年に開設した富奥防災コミュニティセンター内にあります。野々市市の体育施設であるスポーツランドやさわやか広場に隣接しています。１階ロビーには図書コーナーもあります。,可,有,"",有,有,有,"",可,"","",有,"","",有,"","",有,https://www.city.nonoichi.lg.jp/soshiki/37/2741.html,"","",""
185,172120,NN0000014670,石川県野々市市,野々市市郷公民館,ノノイチシゴウコウミンカン,"","",1307,"","",,"",石川県野々市市田尻町94番地,石川県,野々市市,田尻町,94番地,"",36.531989,136.596075,"","",076-248-0250,"",go_hall@city.nonoichi.ishikawa.jp,"","",921-8843,5000020172120,野々市市,火水木金土日,9:00,22:00,予約状況により、19時、20時または21時に閉館。祝日、12月28日から１月４日は利用不可。,平成２年に開館、国道８号線三日市交差点近くに位置しています。１階には、100名を収容できる集会室があります。２階には図書室や和室があり、地域の方の学習活動や余暇活動の拠点となっています。,可,有,"","",有,"","",可,"","",有,"","","","","",有,https://www.city.nonoichi.lg.jp/soshiki/37/2558.html,"","",""
186,172120,NN0000014671,石川県野々市市,野々市市押野公民館,ノノイチシオシノコウミンカン,"","",1307,"","",,"",石川県野々市市押野三丁目70,石川県,野々市市,押野三丁目,70,"",36.540763,136.616484,"","",076-248-2839,"",oshino_hall@city.nonoichi.ishikawa.jp,"","",921-8802,5000020172120,野々市市,火水木金土日,9:00,22:00,予約状況により、19時、20時または21時に閉館。祝日、12月28日から１月４日は利用不可。,昭和61年に開館し館野小学校に隣接した施設です。１階の第１・２集会室は、講演会・軽運動など幅広く使用されています。２階は、図書室・和室などがあり児童はもとより地域の方の学習活動の場となっています。,可,有,"","",有,"","",可,"","",有,"","","","","",有,https://www.city.nonoichi.lg.jp/soshiki/37/2557.html,"","",""
187,172120,NN0000014672,石川県野々市市,野々市市中央・野々市公民館,ノノイチシチュウオウ・ノノイチコウミンカン,"","",1307,"","",,"",石川県野々市市本町二丁目1-20,石川県,野々市市,本町二丁目,１番20号,"",36.532784,136.61837,"","",076-248-0521,"",cyuou_hall@city.nonoichi.ishikawa.jp,"","",921-8815,5000020172120,野々市市,火水木金土日,9:00,22:00,祝日、12月28日から１月４日は利用不可。,中央・野々市公民館は、にぎわいの里ののいち　カミーノ内にあります。市民の教養を高める各種講座やサークル活動が多数開かれています。,可,有,"",有,有,有,"",可,"","",有,"",有,有,"",有,有,https://www.city.nonoichi.lg.jp/soshiki/37/2561.html,"","",""
188,172120,NN0000014673,石川県野々市市,野々市市富奥防災コミュニティセンター,ノノイチシトミオクボウサイコミュニティセンタ―,"","",2299,"","",,"",石川県野々市市中林五丁目3-22,石川県,野々市市,中林五丁目,3番地22,"",36.511814,136.60545,"","",076-248-0829,"",tomioku_hall@city.nonoichi.ishikawa.jp,"","",921-8834,5000020172120,野々市市,火水木金土日,9:00,22:00,予約状況により、19時、20時または21時に閉館。祝日、12月28日から１月４日は利用不可。,平成26年に開設し、体育施設であるスポーツランドに隣接した施設です。１階ロビーには図書コーナーもあります。,可,有,"",有,有,有,"",可,"","",有,"","",有,"","",有,https://www.city.nonoichi.lg.jp/soshiki/37/2741.html,"","",""
189,172120,NN0000014674,石川県野々市市,野々市市女性センター,ノノイチシジョセイセンター,"","",1309,"","",,"",石川県野々市市稲荷四丁目155,石川県,野々市市,稲荷四丁目,155,"",36.536688,136.604805,"","",076-246-0810,"",woman_center@city.nonoichi.ishikawa.jp,"","",921-8805,5000020172120,野々市市,火水木金土日,9:00,22:00,予約状況により、19時、20時または21時に閉館。祝日、12月28日から１月４日は利用不可。,昭和58年に開館し、御園小学校に隣接した施設です。女性の地位向上と社会参加の促進に資することを目的として、また教養・文化を高める学習の場として利用していただけます。なお、男性の方も利用できます。,可,有,"","",有,"","",可,"","","","","","","","",有,https://www.city.nonoichi.lg.jp/soshiki/37/2560.html,"","",""
